{"cameraMode":{"drawMode":0,"name":"Shaded","section":"Shading Mode"},"sceneLighting":false,"audioPlay":false,"sceneViewState":{"showFog":true,"showMaterialUpdate":false,"showSkybox":true,"showFlares":true,"showImageEffects":true,"showParticleSystems":true},"in2DMode":false,"pivot":{"x":2.2173829078674318,"y":0.9248269200325012,"z":4.232546329498291},"rotation":{"x":-0.1003277376294136,"y":0.38819679617881777,"z":0.042558275163173679,"w":0.915180504322052},"size":2.3334522247314455,"orthographic":false}