{"cameraMode":{"drawMode":0,"name":"Shaded","section":"Shading Mode"},"sceneLighting":false,"audioPlay":false,"sceneViewState":{"showFog":true,"showMaterialUpdate":false,"showSkybox":true,"showFlares":true,"showImageEffects":true,"showParticleSystems":true},"in2DMode":false,"pivot":{"x":-2.9749276638031008,"y":0.5740818977355957,"z":9.399428367614746},"rotation":{"x":0.048483312129974368,"y":-0.39455485343933108,"z":0.020879635587334634,"w":0.9174154996871948},"size":8.88552188873291,"orthographic":false}