{"cameraMode":{"drawMode":0,"name":"Shaded","section":"Shading Mode"},"sceneLighting":true,"audioPlay":false,"sceneViewState":{"showFog":true,"showMaterialUpdate":false,"showSkybox":true,"showFlares":true,"showImageEffects":true,"showParticleSystems":true},"in2DMode":false,"pivot":{"x":11.292205810546875,"y":3.1880881786346437,"z":3.952530860900879},"rotation":{"x":-0.09238755702972412,"y":0.6135171055793762,"z":0.07329598814249039,"w":0.780971348285675},"size":8.305986404418946,"orthographic":false}