{"cameraMode":{"drawMode":0,"name":"Shaded","section":"Shading Mode"},"sceneLighting":false,"audioPlay":false,"sceneViewState":{"showFog":true,"showMaterialUpdate":false,"showSkybox":true,"showFlares":true,"showImageEffects":true,"showParticleSystems":true},"in2DMode":false,"pivot":{"x":2.3720505237579347,"y":-0.42962342500686648,"z":8.285534858703614},"rotation":{"x":-0.18669413030147553,"y":0.015288244932889939,"z":-0.0029407073743641378,"w":-0.9823463559150696},"size":7.346177101135254,"orthographic":false}