{"cameraMode":{"drawMode":0,"name":"Shaded","section":"Shading Mode"},"sceneLighting":false,"audioPlay":false,"sceneViewState":{"showFog":true,"showMaterialUpdate":false,"showSkybox":true,"showFlares":true,"showImageEffects":true,"showParticleSystems":true},"in2DMode":false,"pivot":{"x":3.9462928771972658,"y":1.1447641849517823,"z":11.678559303283692},"rotation":{"x":0.01672949455678463,"y":0.09916823357343674,"z":-0.0016426736256107689,"w":0.9949842095375061},"size":8.88552188873291,"orthographic":false}