{"cameraMode":{"drawMode":0,"name":"Shaded","section":"Shading Mode"},"sceneLighting":false,"audioPlay":false,"sceneViewState":{"showFog":true,"showMaterialUpdate":false,"showSkybox":true,"showFlares":true,"showImageEffects":true,"showParticleSystems":true},"in2DMode":false,"pivot":{"x":4.667157173156738,"y":0.6748281121253967,"z":4.49168062210083},"rotation":{"x":0.07916386425495148,"y":0.9041967391967773,"z":-0.1915946751832962,"w":0.37355443835258486},"size":0.5652987360954285,"orthographic":false}