{"cameraMode":{"drawMode":0,"name":"Shaded","section":"Shading Mode"},"sceneLighting":false,"audioPlay":false,"sceneViewState":{"showFog":true,"showMaterialUpdate":false,"showSkybox":true,"showFlares":true,"showImageEffects":true,"showParticleSystems":true},"in2DMode":false,"pivot":{"x":0.9318443536758423,"y":1.7496337890625,"z":8.399972915649414},"rotation":{"x":-0.03173327445983887,"y":-0.24017469584941865,"z":-0.007834977470338345,"w":0.9702366590499878},"size":4.9460930824279789,"orthographic":false}